name,twitterHandler,linkTwitter,project,image,note
Vitalik Buterin,@VitalikButerin,,Co-founder Ethereum,https://firebasestorage.googleapis.com/v0/b/goattap.appspot.com/o/vitalik%20buterin.jpeg?alt=media,
Changpeng Zhao,@cz_binance,,Founder Binance,https://firebasestorage.googleapis.com/v0/b/goattap.appspot.com/o/CZ.jpeg?alt=media,
Michael Saylor,@saylor,,MicroStrategy,https://firebasestorage.googleapis.com/v0/b/goattap.appspot.com/o/michael%20saylor.jpeg?alt=media,
Elon Musk,@elonmusk,,CEO of Tesla Motors,https://firebasestorage.googleapis.com/v0/b/goattap.appspot.com/o/Elon%20Musk.jpeg?alt=media,
Barry Silbert,@BarrySilbert,,CEO of Digital Currency Group,https://firebasestorage.googleapis.com/v0/b/goattap.appspot.com/o/barry%20silbert.jpeg?alt=media,
Brian Armstrong,@brian_armstrong,,CEO Coinbase,https://firebasestorage.googleapis.com/v0/b/goattap.appspot.com/o/brian%20armstrong.png?alt=media,
Jack Dorsey,@jack,,CEO Square,https://firebasestorage.googleapis.com/v0/b/goattap.appspot.com/o/Jack%20Dorsey.jpeg?alt=media,
Roger Ver,@rogerkver,,Investor ,https://firebasestorage.googleapis.com/v0/b/goattap.appspot.com/o/Roger%20Ver.jpeg?alt=media,
Chris Larsen,@chrislarsensf,,Co-founder & Executive Chairman of Ripple,https://firebasestorage.googleapis.com/v0/b/goattap.appspot.com/o/Chris%20Larsen.png?alt=media,
Gavin Wood,@gavofyork,,"Founded Polkadot, Kusama, Ethereum, Parity, Web3 Foundation.",https://firebasestorage.googleapis.com/v0/b/goattap.appspot.com/o/Gavin%20Wood.jpeg?alt=media,
Mark Cuban,@mcuban,,"American businessman, film producer, investor, and television personality",https://firebasestorage.googleapis.com/v0/b/goattap.appspot.com/o/Mark%20Cuban.jpeg?alt=media,
Paris Hilton,@ParisHilton,,American media personality and businesswoman,https://firebasestorage.googleapis.com/v0/b/goattap.appspot.com/o/Paris%20Hilton.jpeg?alt=media,
Andreas Antonopoulos,@aantonop,,"a British-Greek Bitcoin advocate, tech entrepreneur, and author",https://firebasestorage.googleapis.com/v0/b/goattap.appspot.com/o/Andreas%20Antonopoulos.jpeg?alt=media,
Anthony Pompliano,@APompliano,,Co-founder and partner of Morgan Creek Digital,https://firebasestorage.googleapis.com/v0/b/goattap.appspot.com/o/Anthony%20Pompliano.jpeg?alt=media,
Caitlin Long,@CaitlinLong_,,the founder and CEO of Custodia Bank.,https://firebasestorage.googleapis.com/v0/b/goattap.appspot.com/o/Caitlin%20Long.jpeg?alt=media,
Charles Hoskinson,@IOHK_Charles,,Co-Founder of Ethereum. Founder of Cardano,https://firebasestorage.googleapis.com/v0/b/goattap.appspot.com/o/Charles%20Hoskinson.jpeg?alt=media,
Ashton Kutcher,@aplusk,,American actor and film producer,https://firebasestorage.googleapis.com/v0/b/goattap.appspot.com/o/Ashton%20Kutcher.jpeg?alt=media,
Andre Cronje,@AndreCronjeTech,,"Co-Founder & Architect Fantom. Previously; Founder 
Yearn.finance. Founder Keep3r Network",https://firebasestorage.googleapis.com/v0/b/goattap.appspot.com/o/Andre%20Cronje.jpeg?alt=media,
Sam Bankman-Fried,Jed McCaleb,,Founder and CEO of Alameda Research and FTX,https://firebasestorage.googleapis.com/v0/b/goattap.appspot.com/o/SBF.jpeg?alt=media,
Hayden Adams,@haydenzadams,,Inventor of the Uniswap Protocol,https://firebasestorage.googleapis.com/v0/b/goattap.appspot.com/o/Hayden%20Adams.jpeg?alt=media,
Juan Benet,@juanbenet,,Founder and CEO of Protocol Labs,https://firebasestorage.googleapis.com/v0/b/goattap.appspot.com/o/Juan%20Benet.jpeg?alt=media,
Kris Marszalek,@kris_marszalek_ ,,Co-founder and CEO of Crypto.com,https://firebasestorage.googleapis.com/v0/b/goattap.appspot.com/o/Kris%20Marszalek.jpeg?alt=media,
PlanB,@100trillionUSD,,Creator of the Bitcoin Stock-to-Flow model,https://firebasestorage.googleapis.com/v0/b/goattap.appspot.com/o/PlanB.jpeg?alt=media,
Jesse Powell,@jespow,,Co-founder and CEO of Kraken,https://firebasestorage.googleapis.com/v0/b/goattap.appspot.com/o/Jesse%20Powell.jpeg?alt=media,
Ria Bhutoria,@riabhutoria,,Former Director of research at Fidelity Digital Assets,https://firebasestorage.googleapis.com/v0/b/goattap.appspot.com/o/Ria%20Bhutoria.jpeg?alt=media,
Paul Tudor Jones,@ptj_official,,Founder and chief investment officer of Tudor Investment Corporation,https://firebasestorage.googleapis.com/v0/b/goattap.appspot.com/o/Paul%20Tudor%20Jones.jpeg?alt=media,
Kristin Smith,@KMSmithDC,,Executive director of the Blockchain Association,https://firebasestorage.googleapis.com/v0/b/goattap.appspot.com/o/kristin%20smith.jpeg?alt=media,
Sergey Nazarov ,@SergeyNazarov,,"Co-founder and CEO of SmartContract, Co-founder of Chainlink",https://firebasestorage.googleapis.com/v0/b/goattap.appspot.com/o/Sergey%20Nazarov%20.jpeg?alt=media,
Camila Russo ,@CamiRusso,,"Founder of The Defiant and author of ""The Infinite Machine""",https://firebasestorage.googleapis.com/v0/b/goattap.appspot.com/o/Camila%20Russo%20.jpeg?alt=media,
Robert Leshner,@rleshner,,Founder and CEO of Compound Labs,https://firebasestorage.googleapis.com/v0/b/goattap.appspot.com/o/Robert%20Leshner.png?alt=media,
Pieter Wuille ,@pwuille,,"Engineer at Chaincode Labs, Bitcoin Core developer, former co-founder and core engineer of Blockstream",https://firebasestorage.googleapis.com/v0/b/goattap.appspot.com/o/Pieter%20Wuille%20.jpeg?alt=media,
Bobby Ong ,@bobbyong,,Co-founder and chief operating officer of CoinGecko,https://firebasestorage.googleapis.com/v0/b/goattap.appspot.com/o/Bobby%20Ong.jpeg?alt=media,
Denelle Dixon ,@DenelleDixon,,CEO and executive director of the Stellar Development Foundation,https://firebasestorage.googleapis.com/v0/b/goattap.appspot.com/o/Denelle%20Dixon%20.jpeg?alt=media,
Dan Schulman ,@Dan_Schulman,,President and CEO of PayPal,https://firebasestorage.googleapis.com/v0/b/goattap.appspot.com/o/Dan%20Schulman.jpeg?alt=media,
Dawn Song ,@dawnsongtweets,,Co-founder and CEO of Oasis Labs,https://firebasestorage.googleapis.com/v0/b/goattap.appspot.com/o/Dawn%20Song%20.jpeg?alt=media,
Dan Morehead ,@dan_pantera,,"Founder, CEO and co-chief investment officer of Pantera Capital",https://firebasestorage.googleapis.com/v0/b/goattap.appspot.com/o/Dan%20Morehead%20.jpeg?alt=media,
Raoul Pal ,@RaoulGMI,,Co-founder and CEO of Real Vision,https://firebasestorage.googleapis.com/v0/b/goattap.appspot.com/o/Raoul%20Pal%20.jpeg?alt=media,
Samczsun ,@samczsun,,Security researcher,https://firebasestorage.googleapis.com/v0/b/goattap.appspot.com/o/Samczsun%20.jpeg?alt=media,
Anil Lulla ,@anildelphi,,Co-founder and chief operating officer of Delphi Digital,https://firebasestorage.googleapis.com/v0/b/goattap.appspot.com/o/Ani%20lLulla%20.jpeg?alt=media,
Ryan Selkis ,@twobitidiot,,Founder and CEO of Messari,https://firebasestorage.googleapis.com/v0/b/goattap.appspot.com/o/Ryan%20Selkis.jpeg?alt=media,
Tyler Winklevoss ,@tyler,,Co-founder and CEO of Gemini,https://firebasestorage.googleapis.com/v0/b/goattap.appspot.com/o/Tyler%20Winklevoss%20.jpeg?alt=media,
Cameron Winklevoss ,@cameron,,Co-founder and president of Gemini,https://firebasestorage.googleapis.com/v0/b/goattap.appspot.com/o/Cameron%20Winklevoss%20.png?alt=media,
Sheila Warren ,@sheila_warren,,"Head of data, blockchain and digital assets at the World Economic Forum",https://firebasestorage.googleapis.com/v0/b/goattap.appspot.com/o/Sheila%20Warren%20.jpeg?alt=media,
Thomas Walton-Pocock,@tomwalpo,,Co-founder and CEO of Aztec,https://firebasestorage.googleapis.com/v0/b/goattap.appspot.com/o/Thomas%20Walton-Pocock.jpeg?alt=media,
MikeNovogratz,@novogratz,,"Founder, chairman and CEO of Galaxy Digital",https://firebasestorage.googleapis.com/v0/b/goattap.appspot.com/o/Mike%20Novogratz.jpeg?alt=media,
Elizabeth Stark,@starkness,,Co-founder and CEO of Lightning Labs,https://firebasestorage.googleapis.com/v0/b/goattap.appspot.com/o/Elizabeth%20Stark.jpg?alt=media,
Alexandre Dreyfus ,@alex_dreyfus,,Founder and CEO of Chiliz and Socios,https://firebasestorage.googleapis.com/v0/b/goattap.appspot.com/o/Alexandre%20Dreyfus%20.jpeg?alt=media,
Laura Shin,@laurashin,,"Host of ""Unchained"" and ""Unconfirmed""MEDIA",https://firebasestorage.googleapis.com/v0/b/goattap.appspot.com/o/Laura%20Shin.png?alt=media,
Brendan Eich ,@BrendanEich,,Co-founder and CEO of Brave,https://firebasestorage.googleapis.com/v0/b/goattap.appspot.com/o/%40BrendanEich.png?alt=media,
Kathryn Haun ,@katie_haun,https://x.com/katie_haun,General partner of Andreessen Horowitz,https://firebasestorage.googleapis.com/v0/b/goattap.appspot.com/o/%40katie_haun.jpeg?alt=media,
Christine Lagarde,@Lagarde,https://x.com/Lagarde,President of the European Central Bank,https://firebasestorage.googleapis.com/v0/b/goattap.appspot.com/o/Chris%20Larsen.png?alt=media,
David Marcus,@davidmarcus,https://x.com/davidmarcus,CEO & co-founder @Lightspark.,https://firebasestorage.googleapis.com/v0/b/goattap.appspot.com/o/David%20Sacks.jpg?alt=media,
Rune Christensen,@RuneKek,https://x.com/RuneKek,Founder of MakerDAO and CEO of the Maker Foundation,https://firebasestorage.googleapis.com/v0/b/goattap.appspot.com/o/%40RuneKek.jpeg?alt=media,
Danny Ryan ,@dannyryan,https://x.com/dannyryan,Ethereum 2.0 researcher at Ethereum Foundation,https://firebasestorage.googleapis.com/v0/b/goattap.appspot.com/o/%40dannyryan.jpeg?alt=media,
Jed McCaleb,@JedMcCaleb,https://x.com/JedMcCaleb,Co-founder and chief architect at the Stellar Development Foundation,,
xMaki,@0xMaki,https://x.com/0xMaki,Co-founder and core contributor at SushiSwap,,
Joey Krug,@joeykrug,https://x.com/joeykrug,Co-chief investment officer of Pantera Capital and core developer of Augur,,
Willy Woo,@woonomic,https://x.com/woonomic,Independent analyst,,
Stani Kulechov,@StaniKulechov,https://x.com/StaniKulechov,Founder and CEO of AaveDEFI,,
Alex Mashinsky ,@Mashinsky,https://x.com/Mashinsky,"Co-founder, chairman and CEO of Celsius Network",,
WhalePanda,@WhalePanda,https://x.com/WhalePanda,"Twitter influencer and co-host of ""Magical Crypto Friends""",,
Linda Xie,@ljxie,https://x.com/ljxie,Co-founder and managing director of Scalar Capital,https://firebasestorage.googleapis.com/v0/b/goattap.appspot.com/o/Linda%20Xie.jpg?alt=media,
Alessandro Chiesa,x,x,"Co-founder of Zcash, and co-founder and chief scientist of StarkWare",,
Dan Held,@danheld,https://x.com/danheld,Growth lead at Kraken,https://firebasestorage.googleapis.com/v0/b/goattap.appspot.com/o/Dan%20Held.jpg?alt=media,
Joshua Frank,@Joshua_Frank_,https://x.com/Joshua_Frank_,Co-founder and CEO of The Tie,,
Yoni Assia ,@yoniassia,https://x.com/yoniassia,Founder and CEO of eToro,,
Tim Draper,@TimDraper,https://x.com/TimDraper,Founder of Draper Associates ,,
Michael Sonnenshein,x,x ,CEO of Grayscale Investments,https://firebasestorage.googleapis.com/v0/b/goattap.appspot.com/o/Sonnenshein.jpg?alt=media,
Adam Back,@adam3us,https://x.com/adam3us,Co-founder and CEO of Blockstream,,
Spencer Dinwiddie ,@SDinwiddie_25,https://x.com/SDinwiddie_25,Professional basketball player for the Brooklyn Nets,,
Sebastien Borget ,@borgetsebastien,https://x.com/borgetsebastien,"Co-founder and chief operating officer of The Sandbox, and president of the Blockchain Gaming Alliance",,
Scott Melker,x,x,"Host of ""The Wolf of All Streets""",,
Yat Siu ,@ysiu,https://x.com/ysiu,Co-founder and chairman of Animoca Brands,https://firebasestorage.googleapis.com/v0/b/goattap.appspot.com/o/Yat%20Siu.jpg?alt=media,
Marco Santori ,@msantoriESQ,https://x.com/msantoriESQ,Chief legal officer of Kraken,,
Dan Schatt,@dschatt,https://x.com/dschatt,Co-founder and CEO of Cred,,
Vlad Tenev,@vladtenev,https://x.com/vladtenev,Co-founder and CEO of Robinhood,,
Joseph Lubin,@ethereumJoseph,https://x.com/ethereumJoseph,Founder of ConsenSys and co-founder of Ethereum,https://firebasestorage.googleapis.com/v0/b/goattap.appspot.com/o/Joseph%20Lubin.jpg?alt=media,
Alex Wilson,x,x,Co-founder of The Giving Block,https://firebasestorage.googleapis.com/v0/b/goattap.appspot.com/o/Fred%20Wilson.jpg?alt=media,
Michael Anderson,@im_manderson,https://x.com/im_manderson,Co-founder of Framework Ventures,https://firebasestorage.googleapis.com/v0/b/goattap.appspot.com/o/Michael%20Kong.jpg?alt=media,
Matt Kane,@MattKaneArtist,https://x.com/MattKaneArtist,Artist,https://firebasestorage.googleapis.com/v0/b/goattap.appspot.com/o/Matt%20Hall.png?alt=media,
Paolo Ardoino ,@paoloardoino,https://x.com/paoloardoino,Chief technology officer of Bitfinex and Tether,https://firebasestorage.googleapis.com/v0/b/goattap.appspot.com/o/Paolo%20Ardoino%20%F0%9F%A4%96%F0%9F%8D%90.jpg?alt=media,
Kevin Chou,@KevinChou,https://x.com/KevinChou,Co-founder and CEO of Rally,,
Ran Neuner,@cryptomanran,https://x.com/cryptomanran,"Host of ""Crypto Banter"" and CNBC's ""Crypto Trader""",https://firebasestorage.googleapis.com/v0/b/goattap.appspot.com/o/Ran%20Neuner.jpg?alt=media,
Kevin Abosch,@kevinabosch,https://x.com/kevinabosch,Artist,https://firebasestorage.googleapis.com/v0/b/goattap.appspot.com/o/Kevin%20Rose.jpg?alt=media,
William Shatner,@WilliamShatner,https://x.com/WilliamShatner,"Actor, author, musician and starship captain",,
KiYoung Ju ,@ki_young_ju,https://x.com/ki_young_ju,CEO of CryptoQuant,,
MM Crypto,@MMCrypto,,Crypto Youtuber,https://firebasestorage.googleapis.com/v0/b/goattap.appspot.com/o/MMCrypto.jpeg?alt=media,
Crypto Rover,@rovercrc,,Crypto Youtuber,https://firebasestorage.googleapis.com/v0/b/goattap.appspot.com/o/Crypto%20Rover.jpeg?alt=media,
RobynHD,@TheRobynHD,,Crypto Youtuber,https://firebasestorage.googleapis.com/v0/b/goattap.appspot.com/o/RobynHD.jpeg?alt=media,
Hoss,@hoss_crypto,,Crypto Youtuber,https://firebasestorage.googleapis.com/v0/b/goattap.appspot.com/o/Hoss.jpeg?alt=media,
Julian Hosp,@julianhosp,,Co-founder of Cake DeFi,https://firebasestorage.googleapis.com/v0/b/goattap.appspot.com/o/Dr.%20Julian%20Hosp.jpg?alt=media,
Naval Ravikant,@naval,,"Investor, Founder of AngelList",https://firebasestorage.googleapis.com/v0/b/goattap.appspot.com/o/Naval.jpg?alt=media,
Lark Davis,@TheCryptoLark,,Crypto YouTuber,https://firebasestorage.googleapis.com/v0/b/goattap.appspot.com/o/Lark%20Davis.jpg?alt=media,
Max Keiser,@maxkeiser,,"Host of the ""Keiser Report""",https://firebasestorage.googleapis.com/v0/b/goattap.appspot.com/o/Max%20Keiser.jpg?alt=media,
Justin Sun,@justinsuntron,,Founder of Tron,https://firebasestorage.googleapis.com/v0/b/goattap.appspot.com/o/H.E.%20Justin%20Sun%20%E5%AD%99%E5%AE%87%E6%99%A8.jpg?alt=media,
Ben Armstrong,@Bitboy_Crypto,,"Host of ""BitBoy Crypto""",https://firebasestorage.googleapis.com/v0/b/goattap.appspot.com/o/brian%20armstrong.png?alt=media,
Charlie Lee,@SatoshiLite,,Creator of Litecoin,https://firebasestorage.googleapis.com/v0/b/goattap.appspot.com/o/Charlie%20Lee%20%E2%93%82%EF%B8%8F%F0%9F%95%B8%EF%B8%8F.png?alt=media,
Don Tapscott,@dtapscott,,"CEO of The Tapscott Group, Blockchain Research Institute",https://firebasestorage.googleapis.com/v0/b/goattap.appspot.com/o/Don%20Tapscott.jpg?alt=media,
Conor Kenny,@ConorKenny,,Crypto YouTuber,https://firebasestorage.googleapis.com/v0/b/goattap.appspot.com/o/Conor%20Kenny%20%F0%9F%8F%98.jpg?alt=media,
Ivan Liljeqvist,@IvanOnTech,,Founder of Moralis Web3,https://firebasestorage.googleapis.com/v0/b/goattap.appspot.com/o/Ivan%20on%20Tech%20%F0%9F%A5%95%F0%9F%A5%95%F0%9F%AB%90%F0%9F%AB%90%F0%9F%8D%93%20Moralis.png?alt=media,
Peter McCormack,@PeterMcCormack,,"Host of ""What Bitcoin Did""",https://firebasestorage.googleapis.com/v0/b/goattap.appspot.com/o/Peter%20McCormack%F0%9F%8F%B4%E2%80%8D%E2%98%A0%EF%B8%8F.jpg?alt=media,
Meltem Demirors,@Melt_Dem,,CSO at CoinShares,https://firebasestorage.googleapis.com/v0/b/goattap.appspot.com/o/Meltem%20Demirors.jpg?alt=media,
Spencer Noon,@spencernoon,,"Investor, DTC Capital",https://firebasestorage.googleapis.com/v0/b/goattap.appspot.com/o/Spencer%20Noon.png?alt=media,
Nicholas Merten,@Nicholas_Merten,,"Host of ""DataDash""",https://firebasestorage.googleapis.com/v0/b/goattap.appspot.com/o/Nicholas%20Merten.jpg?alt=media,
Santiago Roel Santos,@Santiagoroel,,General Partner at ParaFi Capital,https://firebasestorage.googleapis.com/v0/b/goattap.appspot.com/o/Santiago%20R%20Santos%20_%20%239159.jpg?alt=media,
Kevin Rose,@kevinrose,,Partner at True Ventures,https://firebasestorage.googleapis.com/v0/b/goattap.appspot.com/o/Kevin%20Rose.jpg?alt=media,
Marc Andreessen,@pmarca,,Co-founder of Andreessen Horowitz,https://firebasestorage.googleapis.com/v0/b/goattap.appspot.com/o/Marc%20Andreessen%20%F0%9F%87%BA%F0%9F%87%B8.jpg?alt=media,
Jimmy Song,@jimmysong,,"Bitcoin Developer, Educator",https://firebasestorage.googleapis.com/v0/b/goattap.appspot.com/o/Jimmy%20Song%20(%E1%84%89%E1%85%A9%E1%86%BC%E1%84%8C%E1%85%A2%E1%84%8C%E1%85%AE%E1%86%AB).jpg?alt=media,
Simon Dixon,@SimonDixonTwitt,,CEO & Co-founder of BnkToTheFuture,https://firebasestorage.googleapis.com/v0/b/goattap.appspot.com/o/Simon%20Dixon.jpg?alt=media,
Jeff Garzik,@jgarzik,,"CEO of Bloq, Bitcoin Developer",https://firebasestorage.googleapis.com/v0/b/goattap.appspot.com/o/Ser%20Jeff%20Garzik.jpg?alt=media,
Chris Dixon,@cdixon,,General Partner at Andreessen Horowitz,https://firebasestorage.googleapis.com/v0/b/goattap.appspot.com/o/cdixon.eth.png?alt=media,
Jameson Lopp,@lopp,,Co-founder of Casa,https://firebasestorage.googleapis.com/v0/b/goattap.appspot.com/o/Jameson%20Lopp.jpg?alt=media,
Arianna Simpson,@AriannaSimpson,,General Partner a16z,https://firebasestorage.googleapis.com/v0/b/goattap.appspot.com/o/AriannaSimpson.eth.jpg?alt=media,
Joseph Young,@iamjosephyoung,,Co-founder at DGV,https://firebasestorage.googleapis.com/v0/b/goattap.appspot.com/o/Joseph%20Young.png?alt=media,
Cathie Wood,@CathieDWood,,"Founder, CEO and CIO @ARKinvest",https://firebasestorage.googleapis.com/v0/b/goattap.appspot.com/o/Cathie%20Wood.jpg?alt=media,
Joseph Lubin,@ethereumJoseph,,"Co-founder of @ethereum
Founder of @Consensys
Chairman of @ConsensysMesh",https://firebasestorage.googleapis.com/v0/b/goattap.appspot.com/o/Joseph%20Lubin.jpg?alt=media,
Stani Kulechov,@StaniKulechov,,Founder and CEO of Aave,,
Marc Andreessen,@pmarca,,Co-founder and general partner of Silicon Valley venture capital firm Andreessen Horowitz,https://firebasestorage.googleapis.com/v0/b/goattap.appspot.com/o/Marc%20Andreessen%20%F0%9F%87%BA%F0%9F%87%B8.jpg?alt=media,
Ryan Selkis,@twobitidiot,,founder & CEO @messaricrypto,https://firebasestorage.googleapis.com/v0/b/goattap.appspot.com/o/Ryan%20Selkis.jpeg?alt=media,
Jesse Powell,@jespow,,Co-Founder & Chairman @KrakenFX,https://firebasestorage.googleapis.com/v0/b/goattap.appspot.com/o/Jesse%20Powell.jpeg?alt=media,
Andrei Grachev,@ag_dwf,,head of @DWFLabs,,
cdixon.eth,@cdixon,,Managing Partner @a16zcrypto,https://firebasestorage.googleapis.com/v0/b/goattap.appspot.com/o/cdixon.eth.png?alt=media,
Michael Arrington,@arrington,,"Founder of TechCrunch, CrunchBase and Arrington Capital",https://firebasestorage.googleapis.com/v0/b/goattap.appspot.com/o/Michael%20Green.jpg?alt=media,
Sreeram Kannan,@sreeramkannan,,Founder EigenLayer,,
Emin G√ºn Sirer,@el33th4xor,,Founder and CEO @avalabs,,
Fred Ehrsam,@FEhrsam,,Co-founder of @Paradigm and @Coinbase,,
Brad Garlinghouse,@bgarlinghouse,,CEO at Ripple,,
Andrew Kang,@rewkang,,cofounder and partner of Mechanism Capital,https://firebasestorage.googleapis.com/v0/b/goattap.appspot.com/o/Andrew%20Kim.jpg?alt=media,
Roaring Kitty,@TheRoaringKitty,,OG Short squeeze,,
Yi He,@heyibinance,,Cofounder of Binance,,
Richard Teng,@_RichardTeng,,CEO at Binance,,
Anatoly Yakovenko,@aeyakovenko,,Founder of Solana,,
Pavel Durov,@durov,,Founder of Ton,,
Sandeep Nailwal,@sandeepnailwal,,Founder of Polygon,,
Dominic Williams,@dominic_w,,Founder of ICP,,
Robbie Ferguson,@0xferg,,Founder of ImmutableX,,
Ed Felten,@EdFelten,,Co-Founder of Offchain Labs,,
Steven Goldfeder,@sgoldfed,,Co-Founder of Offchain Labs,,
Harry Kalodner,@hkalodner,,Co-Founder of Offchain Labs,,
Sam Altman,@sama,,"CEO Open AI, Founder of Worldcoin",,
Arthur Hayes,@CryptoHayes,,Co-Founder of BitMEX & CIO @Maelstromfund,,
Willy Woo,@woonomic,,A Bitcoin analyst,,
Erik Voorhees,@ErikVoorhees,,"Founder of Venice.ai, Founder of ShapeShift",,
Arthur,@Arthur_0x,,Founder & CIO @DeFianceCapital,,
Integrated Kyle e/acc,@KyleSamani,,Managing Partner @multicoincap,,
Jesse Walden,@jessewldn,,Member of VariantFund,,
Tommy,@Shaughnessy119,,Co-Founder @Delphi_Digital,,
wishful cynic,@EvgenyGaevoy,,founder and CEO @wintermute_t,,
richerd.eth,@richerd,,Co-Founder ManiFold,,
Michael Egorov,@newmichwill,,Founder Curve Finance,https://firebasestorage.googleapis.com/v0/b/goattap.appspot.com/o/Michael%20Moro.jpg?alt=media,
Darren Lau,@Darrenlautf,,Founder of Daily Ape,,
Tarun Chitra,@tarunchitra,,Founder of Convex,,
0xMaki.lens ÎßàÌÇ§ü¶áüîä,@0xMaki,,Ex Founder SushiSwap,,
Vance Spencer,@pythianism,,Co-Founder FrameworkVentures,,
sassal.eth/acc ü¶áüîä,@sassal0x,,Founder of @thedailygwei,,
icebergy ‚ùÑÔ∏è,@icebergy_,,created @CryptoWhaleBot,,
Dan Robinson,@danrobinson,,coder / lawyer. research at @paradigm,,
Adam Cochran (adamscochran.eth),@adamscochran,,Member of Synthetix,,
Meltem Demirors,@Melt_Dem,,Member of CoinShare,https://firebasestorage.googleapis.com/v0/b/goattap.appspot.com/o/Meltem%20Demirors.jpg?alt=media,
joseph.eth,"@josephdelong
",,"CTO of AstariaXYZ
Former CTO of Sushi
Former of Ethereum ",https://firebasestorage.googleapis.com/v0/b/goattap.appspot.com/o/joseph.eth.jpg?alt=media,
Linda Xie,@ljxie,,"Building @Bountycaster.Co-producer 
@EthereumFilm. Previously co-founder 
@ScalarCapital, product manager 
@Coinbase",https://firebasestorage.googleapis.com/v0/b/goattap.appspot.com/o/Linda%20Xie.jpg?alt=media,
Matt Huang,@matthuang,,Cofounder of Paradigm,https://firebasestorage.googleapis.com/v0/b/goattap.appspot.com/o/Matt%20Huang.jpg?alt=media,
Jason Choi,@mrjasonchoi,,"Co-founder Tangent, Ex General Partner of The Spartan Group",https://firebasestorage.googleapis.com/v0/b/goattap.appspot.com/o/Jason%20Choi.jpg?alt=media,
Haseeb ,@hosseeb,,Managing partner of Dragonfly,https://firebasestorage.googleapis.com/v0/b/goattap.appspot.com/o/Haseeb%20%EF%BC%9E_%EF%BC%9C.jpg?alt=media,
Larry Cermak,@lawmaster,,CEO of The Block. ,https://firebasestorage.googleapis.com/v0/b/goattap.appspot.com/o/Larry%20Cermak.jpg?alt=media,
Frank Chaparro,@fintechfrank,,Director of TheBlock,https://firebasestorage.googleapis.com/v0/b/goattap.appspot.com/o/Frank%20Chaparro.jpg?alt=media,
Mayne,@Tradermayne,,Founder - @breakoutprop,https://firebasestorage.googleapis.com/v0/b/goattap.appspot.com/o/Mayne.jpg?alt=media,
DavidHoffman.eth/acc,@TrustlessState,,The chaotic side of @Banklesshq,https://firebasestorage.googleapis.com/v0/b/goattap.appspot.com/o/DavidHoffman.eth_acc%F0%9F%A6%87%F0%9F%94%8A.jpg?alt=media,
Furkan Yildirim,@FurkanCCTV,,Founder CoinCheck TV & @MakroVisionDE,https://firebasestorage.googleapis.com/v0/b/goattap.appspot.com/o/Furkan%20Yildirim.jpg?alt=media,
Dan Held,@danheld,,"Investing in Bitcoin DeFi, Advisor at Trust Machines",https://firebasestorage.googleapis.com/v0/b/goattap.appspot.com/o/Dan%20Held.jpg?alt=media,
Preston Pysh,@PrestonPysh,,Cofounder of TIP. GP@egodeathcapital,https://firebasestorage.googleapis.com/v0/b/goattap.appspot.com/o/Preston%20Pysh.jpg?alt=media,
Robert ‚Çøreedlove,@Breedlove22,,"Creator of The ""What is Money?"" ",https://firebasestorage.googleapis.com/v0/b/goattap.appspot.com/o/Robert%20%E2%82%BFreedlove.jpg?alt=media,
Alex Svanevik ,@ASvanevik,,CEO of Nansen,https://firebasestorage.googleapis.com/v0/b/goattap.appspot.com/o/Alex%20Svanevik%20%F0%9F%90%A7.jpg?alt=media,
Kain,@kaiynne,,Founder of Synthetix,https://firebasestorage.googleapis.com/v0/b/goattap.appspot.com/o/kain%20%F0%9F%8D%8A.png?alt=media,
Miles Deutscher,@milesdeutscher,,Defi & Crypto Analyst,https://firebasestorage.googleapis.com/v0/b/goattap.appspot.com/o/Miles%20Deutscher.jpg?alt=media,
Sheldon the Sniper,@Sheldon_Sniper,,Youtuber: Crypto Banter,https://firebasestorage.googleapis.com/v0/b/goattap.appspot.com/o/Sheldon%20The%20Sniper.jpg?alt=media,
Suhail,@Suhail,,Founder of PlayGround and MixPanel,https://firebasestorage.googleapis.com/v0/b/goattap.appspot.com/o/Suhail.jpg?alt=media,
Patrick Collison,@patrickc,,CEO of Striple,https://firebasestorage.googleapis.com/v0/b/goattap.appspot.com/o/Patrick%20Collison.jpg?alt=media,
John Collison,@collision,,Co-Founder of Striple,https://firebasestorage.googleapis.com/v0/b/goattap.appspot.com/o/John%20Collison.jpg?alt=media,
Reid Hoffman,@reidhoffman,,Co-founder Linkedln,https://firebasestorage.googleapis.com/v0/b/goattap.appspot.com/o/Reid%20Hoffman.jpg?alt=media,
"benahorowitz.eth
",@bhorowitz,,co-founder and general partner at az16,https://firebasestorage.googleapis.com/v0/b/goattap.appspot.com/o/benahorowitz.eth.jpg?alt=media,
Bill Gurley,@bgurley,,Venture capitalist and a general partner at Benchmark,https://firebasestorage.googleapis.com/v0/b/goattap.appspot.com/o/Bill%20Gurley.jpg?alt=media,
"david friedberg
",@friedberg,,"Founder and CEO of The Production Board,",https://firebasestorage.googleapis.com/v0/b/goattap.appspot.com/o/david%20friedberg.jpg?alt=media,
Bill Ackman,@BillAckman,,CEO Pershing Square,https://firebasestorage.googleapis.com/v0/b/goattap.appspot.com/o/Bill%20Ackman.jpg?alt=media,
Howard Marks,@HowardMarksBook,,"Co-Chairman & Co-Founder of Oaktree
",https://firebasestorage.googleapis.com/v0/b/goattap.appspot.com/o/Howard%20Marks.jpg?alt=media,
Ray Dalio,@RayDalio,,Founder of Bridgewater Associates,https://firebasestorage.googleapis.com/v0/b/goattap.appspot.com/o/Ray%20Dalio.jpg?alt=media,
Chamath Palihapitiya,@chamath,,"CEO of SocialCapital
",https://firebasestorage.googleapis.com/v0/b/goattap.appspot.com/o/Chamath%20Palihapitiya.jpg?alt=media,
Jessica Livingston,@jesslivingston,,Co-founder and partner at Y Combinator,https://firebasestorage.googleapis.com/v0/b/goattap.appspot.com/o/Jessica%20Livingston.jpg?alt=media,
Ryan Hoover,@rrhoover,,"Founder of  Product Hunt
",https://firebasestorage.googleapis.com/v0/b/goattap.appspot.com/o/Ryan%20Hoover.jpg?alt=media,
"tobi lutke
",@tobi,,CEO of Shopify,https://firebasestorage.googleapis.com/v0/b/goattap.appspot.com/o/tobi%20lutke.jpg?alt=media,
David Sacks,@DavidSacks,,Co-founder and general partner at Craft Ventures,https://firebasestorage.googleapis.com/v0/b/goattap.appspot.com/o/David%20Sacks.jpg?alt=media,
Brad Gerstner,@altcap,,Founder - Altimeter Capital. ,https://firebasestorage.googleapis.com/v0/b/goattap.appspot.com/o/Brad%20Gerstner.jpg?alt=media,
"Keith Rabois
",@rabois,,"Entrepreneur, Investor, Ex Paypal, Linkedln, Square",https://firebasestorage.googleapis.com/v0/b/goattap.appspot.com/o/Keith%20Rabois.jpg?alt=media,
"Orlando Bravo
",@OrlandoBravoTB,,"Co-founder of  Thoma Bravo
",https://firebasestorage.googleapis.com/v0/b/goattap.appspot.com/o/Orlando%20Bravo.jpg?alt=media,
Patrick OShaughnessy,@patrick_oshag,,CEO of O'Shaughnessy Asset Management (OSAM),https://firebasestorage.googleapis.com/v0/b/goattap.appspot.com/o/Patrick%20OShaughnessy.jpg?alt=media,
"Morgan Housel
",@morganhousel,,"Partner at The Collaborative Fund, ",https://firebasestorage.googleapis.com/v0/b/goattap.appspot.com/o/Morgan%20Housel.jpg?alt=media,
Ian Cassel,@iancassel,,Founder of MicroCapClub,https://firebasestorage.googleapis.com/v0/b/goattap.appspot.com/o/Ian%20Cassel.png?alt=media,
David Rosenberg,@EconguyRosie,,Founder and President of Rosenberg Research & Associates Inc.,https://firebasestorage.googleapis.com/v0/b/goattap.appspot.com/o/David%20Rosenberg.png?alt=media,
Jamin Ball,@jaminball,,Partner at Altimeter,https://firebasestorage.googleapis.com/v0/b/goattap.appspot.com/o/Jamin%20Ball.jpg?alt=media,
Puru Saxena,@saxena_puru,,Founder of AlphaTarget,https://firebasestorage.googleapis.com/v0/b/goattap.appspot.com/o/Puru%20Saxena.jpg?alt=media,
Thanh Le - thanh.c98,@imlethanh98,,Founder of Ninety Eight,https://firebasestorage.googleapis.com/v0/b/goattap.appspot.com/o/Thanh%20Le%20-%20thanh.c98.jpg?alt=media,
Vinh The Nguyen,@drofin69,,CEO and Founder of Ninety Eight,,
"Danielle DiMartino Booth
",@DiMartinoBooth,,"CEO & Chief Strategist, QI Research LLC,",https://firebasestorage.googleapis.com/v0/b/goattap.appspot.com/o/Danielle%20DiMartino%20Booth.jpg?alt=media,
TN | Pendle,@tn_pendle,,Co-Founder Pendle,https://firebasestorage.googleapis.com/v0/b/goattap.appspot.com/o/TN%20_%20Pendle.png?alt=media,
Luke Gromen,@LukeGromen,,"Founder & President, Forest for the Trees (FFTT)",https://firebasestorage.googleapis.com/v0/b/goattap.appspot.com/o/Luke%20Gromen.jpg?alt=media,
Michael Green,@profplum99,,Chief Strategist Simplify Asset Management,https://firebasestorage.googleapis.com/v0/b/goattap.appspot.com/o/Michael%20Green.jpg?alt=media,
Joseph Wang,@FedGuy12,,Operator of Fedguy.com,https://firebasestorage.googleapis.com/v0/b/goattap.appspot.com/o/Joseph%20Wang.jpg?alt=media,
"Bob Elliott
",@BobEUnlimited,,"
Co-founder of Unlimited Fund",https://firebasestorage.googleapis.com/v0/b/goattap.appspot.com/o/Bob%20Elliott.jpg?alt=media,
Ev,@ev,,Co-founder Twitter,https://firebasestorage.googleapis.com/v0/b/goattap.appspot.com/o/Ev.jpg?alt=media,
Biz Stone,@biz,,Co-founder Twitter,https://firebasestorage.googleapis.com/v0/b/goattap.appspot.com/o/Biz%20Stone.jpg?alt=media,
Eric Schmidt,@ericschmidt,,Former Executive Chairman & CEO of Schmidt Foundation,https://firebasestorage.googleapis.com/v0/b/goattap.appspot.com/o/Eric%20Schmidt.jpg?alt=media,
Ran Neuner,@cryptomanran,,"CNBC Crypto Trader , Founder Crypto Banter",https://firebasestorage.googleapis.com/v0/b/goattap.appspot.com/o/Ran%20Neuner.jpg?alt=media,
Micha√´l van de Poppe,@CryptoMichNL,,CIO & Founder MN Trading Consultancy,https://firebasestorage.googleapis.com/v0/b/goattap.appspot.com/o/Michae%CC%88l%20van%20de%20Poppe.jpg?alt=media,
Benjamin Cowen,@intocryptoverse,,Founder of Into The Cryptoverse,https://firebasestorage.googleapis.com/v0/b/goattap.appspot.com/o/Benjamin%20Cowen.jpg?alt=media,
Nebraskangooner,@Nebraskangooner,,"Advisor of BingX and Amino Rewards
 ",https://firebasestorage.googleapis.com/v0/b/goattap.appspot.com/o/Nebraskangooner.jpg?alt=media,
Edgy - The DeFi Edge üó°Ô∏è,@thedefiedge,,Defi & Crypto Analyst,https://firebasestorage.googleapis.com/v0/b/goattap.appspot.com/o/Edgy%20-%20The%20DeFi%20Edge%20%F0%9F%97%A1%EF%B8%8F.jpg?alt=media,
ZachXBT,@zachxbt,,On-chain investigator,https://firebasestorage.googleapis.com/v0/b/goattap.appspot.com/o/ZachXBT.jpg?alt=media,
Jack Niewold,@JackNiewold,,"Founder of  Crypto Pragmatist
",https://firebasestorage.googleapis.com/v0/b/goattap.appspot.com/o/Jack%20Niewold%20%F0%9F%AB%A1.jpg?alt=media,
Raj Gokal,@rajgokal,,Co Founder of Solana,https://firebasestorage.googleapis.com/v0/b/goattap.appspot.com/o/raj%20%F0%9F%96%A4.jpg?alt=media,
Kelvin Koh,@SpartanBlack_1,,"Founding Partner The Spartan Group
",https://firebasestorage.googleapis.com/v0/b/goattap.appspot.com/o/Kelvin%20Koh.jpg?alt=media,
tuba,@0xtuba,,CEO of Psyops Capital,https://firebasestorage.googleapis.com/v0/b/goattap.appspot.com/o/tuba%20%F0%9F%A6%88.jpg?alt=media,
Jeremy Allaire,@jerallaire,,Co-Founder & CEO of Circle,https://firebasestorage.googleapis.com/v0/b/goattap.appspot.com/o/Jeremy%20Allaire.jpg?alt=media,
Evan Sui,@EvanWeb3,,Co-Founder & CEO of Mysten Lab,https://firebasestorage.googleapis.com/v0/b/goattap.appspot.com/o/evan.sui.jpg?alt=media,
Kostas Kryptos,@kostascrypto,,Co-Founder Mysten Labs,https://firebasestorage.googleapis.com/v0/b/goattap.appspot.com/o/Kostas%20Kryptos.jpg?alt=media,
Mo Shaikh üåê aptOS,@moshaikhs,,Co-Founder Aptos Labs,,
avery.apt,@AveryChing,,Co-founder & CTO of Aptos,https://firebasestorage.googleapis.com/v0/b/goattap.appspot.com/o/avery.apt%20%F0%9F%8C%90.jpg?alt=media,
Will,@WClementeIII,,"Co-founded of Reflexivity Research
",https://firebasestorage.googleapis.com/v0/b/goattap.appspot.com/o/Will.jpg?alt=media,
Brock Pierce,@brockpierce,,Co-founder of Tether,https://firebasestorage.googleapis.com/v0/b/goattap.appspot.com/o/Brock%20Pierce.jpg?alt=media,
Gavin Andresen,@gavinandresen,,Bitcoin Early Contributor,https://firebasestorage.googleapis.com/v0/b/goattap.appspot.com/o/Gavin%20Andresen.jpg?alt=media,
"Chris Burniske
",@cburniske,,"Co-Founder & Partner of Placeholder VC
",https://firebasestorage.googleapis.com/v0/b/goattap.appspot.com/o/Chris%20Burniske.jpg?alt=media,
Tushar Jain,@TusharJain_,,Co-Founder & Managing Partner of Multicoin Capital,https://firebasestorage.googleapis.com/v0/b/goattap.appspot.com/o/Tushar%20Jain.jpg?alt=media,
Ari Paul ‚õìÔ∏è,@AriDavidPaul,,CIO/Founder of BlockTower Capital.   ,https://firebasestorage.googleapis.com/v0/b/goattap.appspot.com/o/Ari%20Paul%20%E2%9B%93%EF%B8%8F.jpg?alt=media,
nic carter,@nic__carter,,General partner at Castle Island Ventures,https://firebasestorage.googleapis.com/v0/b/goattap.appspot.com/o/nic%20carter.jpg?alt=media,
Marty Bent,@MartyBent,,Founder  of TFTC,https://firebasestorage.googleapis.com/v0/b/goattap.appspot.com/o/Marty%20Bent.jpg?alt=media,
Sahil Lavingia,@shl,,Founder and CEO of Gumroad,https://firebasestorage.googleapis.com/v0/b/goattap.appspot.com/o/Sahil%20Lavingia.jpg?alt=media,
Loi Luu,@loi_luu,,Founder of Kyber Network,https://firebasestorage.googleapis.com/v0/b/goattap.appspot.com/o/Loi%20Luu.jpg?alt=media,
Will Warren,@willwarren,,Co-founder  0xProject &  matcha,https://firebasestorage.googleapis.com/v0/b/goattap.appspot.com/o/Will%20Warren%20%F0%9F%8D%B5.jpg?alt=media,
Rekt Fencer,@rektfencer,,Founder of X DAO,https://firebasestorage.googleapis.com/v0/b/goattap.appspot.com/o/Rekt%20Fencer.jpg?alt=media,
Alex Atallah,@xanderatallah,,"Co-founder, CTO of OpenSea",https://firebasestorage.googleapis.com/v0/b/goattap.appspot.com/o/Alex%20Atallah.png?alt=media,
Sergej Kunz,@deacix,,Co-Founder of 1Inch,https://firebasestorage.googleapis.com/v0/b/goattap.appspot.com/o/Sergej%20Kunz.jpg?alt=media,
ve8020Fernando | Balancer,@fcmartinelli,,CEO & Founder of Balancer Labs,https://firebasestorage.googleapis.com/v0/b/goattap.appspot.com/o/ve8020Fernando%20_%20Balancer%20%F0%9F%A6%87.jpg?alt=media,
Jack Lu,@0xLeoInRio,,CEO & Co- founder Magic Eden,https://firebasestorage.googleapis.com/v0/b/goattap.appspot.com/o/Jack%20Lu.jpg?alt=media,
Eli Ben-Sasson,@EliBenSasson,,CEO & Founder StarkWare LTD,https://firebasestorage.googleapis.com/v0/b/goattap.appspot.com/o/Eli%20Ben-Sasson.jpg?alt=media,
Optimist Prime,@jinglejamOP,,Founder of Optimist ,https://firebasestorage.googleapis.com/v0/b/goattap.appspot.com/o/Optimist%20Prime.jpg?alt=media,
gnobody,@jaekwon        ,,Founder of Cosmos,https://firebasestorage.googleapis.com/v0/b/goattap.appspot.com/o/gnobody.jpg?alt=media,
Arthur B. üåÆ,@ArthurB,,Founder of Tezos,https://firebasestorage.googleapis.com/v0/b/goattap.appspot.com/o/Arthur%20B.%20%F0%9F%8C%AE.jpg?alt=media,
Daniel Larimer,@bytemaster7,,Founder of EOS,https://firebasestorage.googleapis.com/v0/b/goattap.appspot.com/o/Daniel%20Larimer.jpg?alt=media,
zooko,@zooko,,Founder of Zcash,https://firebasestorage.googleapis.com/v0/b/goattap.appspot.com/o/zooko%F0%9F%9B%A1%F0%9F%A6%93%F0%9F%A6%93%F0%9F%A6%93%20%E2%93%A9.jpg?alt=media,
David S√∏nsteb√∏,@DavidSonstebo,,Founder of IOTA,https://firebasestorage.googleapis.com/v0/b/goattap.appspot.com/o/David%20S%C3%B8nsteb%C3%B8.jpg?alt=media,
Riccardo Spagni,@fluffypony,,Ex Lead Maintainer of Monero (XMR),https://firebasestorage.googleapis.com/v0/b/goattap.appspot.com/o/Riccardo%20Spagni.jpg?alt=media,
trungfinity.ron,@trungfinity,,Founder of Axe Ininity & Ronnin Network,https://firebasestorage.googleapis.com/v0/b/goattap.appspot.com/o/trungfinity.ron.jpg?alt=media,
Gabby Dizon | YGG,@gabusch,,Founder of YGG,https://firebasestorage.googleapis.com/v0/b/goattap.appspot.com/o/Gabby%20Dizon%20_%20YGG%20%F0%9F%9B%A1%EF%B8%8F%E2%9A%94%EF%B8%8F.jpg?alt=media,
Jordan Fish,@JordanFish,,Contributor of Lido DAO,https://firebasestorage.googleapis.com/v0/b/goattap.appspot.com/o/jordan%20fish.jpg?alt=media,
Mustafa Al-Bassam,@musalbas,,Co-Founder of Celestia,https://firebasestorage.googleapis.com/v0/b/goattap.appspot.com/o/Mustafa%20Al-Bassam.png?alt=media,
Chad Barraford,@cbarraford,,Lead Developer of THORChain,https://firebasestorage.googleapis.com/v0/b/goattap.appspot.com/o/Chad%20Barraford.jpg?alt=media,
Gracy Chen,@GracyBitget,,CEO of Bitget Token,https://firebasestorage.googleapis.com/v0/b/goattap.appspot.com/o/Gracy%20Chen%20%40Bitget.jpg?alt=media,
Humayun,@HMsheikh4,,CEO & Founder of Fetch.ai,https://firebasestorage.googleapis.com/v0/b/goattap.appspot.com/o/Humayun.jpg?alt=media,
Matthew Ball,@ballmatthew,,"Entrepreneur, advisor, angel investor ",https://firebasestorage.googleapis.com/v0/b/goattap.appspot.com/o/Matthew%20Ball.jpg?alt=media,
Silvio Micali,@silviomicali,,Founder of Algorand,https://firebasestorage.googleapis.com/v0/b/goattap.appspot.com/o/Silvio%20Micali.jpg?alt=media,
Jason Brink aka BitBender,@BitBenderBrink,,"Founder at LFG Incorporated, Advisor at GALA ",https://firebasestorage.googleapis.com/v0/b/goattap.appspot.com/o/Jason%20Brink%20aka%20BitBender.jpg?alt=media,
Aleksander Larsen,@psycheout86,,Co-Founder and COO of Axie Infinity,https://firebasestorage.googleapis.com/v0/b/goattap.appspot.com/o/Psycheout.ron.jpg?alt=media,
Ben Goertzel,@bengoertzel,,CEO of SingularityNET,https://firebasestorage.googleapis.com/v0/b/goattap.appspot.com/o/Ben%20Goertzel.png?alt=media,
Antonio Juliano,@AntonioMJuliano,,Founder and CEO of dYdX,https://firebasestorage.googleapis.com/v0/b/goattap.appspot.com/o/Antonio%20_%20dYdX.jpg?alt=media,
Gilbert Verdian,@gverdian,,Founder and CEO of Quant,https://firebasestorage.googleapis.com/v0/b/goattap.appspot.com/o/Gilbert%20Verdian.jpg?alt=media,
Alex Blania,@alexblania,,Co-Founder and CEO of Worldcoin,https://firebasestorage.googleapis.com/v0/b/goattap.appspot.com/o/Alex%20Blania.jpg?alt=media,
Arthur Madrid,@arthurmadrid,,Co-Founder and CEO of The Sandbox,https://firebasestorage.googleapis.com/v0/b/goattap.appspot.com/o/Arthur%20Madrid.jpg?alt=media,
Da Hongfei,@dahongfei,,Co-Founder of Neo,,
Beniamin Mincu,@beniaminmincu,,Co-Founder and CEO of MultiversX (EGLD),https://firebasestorage.googleapis.com/v0/b/goattap.appspot.com/o/Beniamin%20Mincu%20_%20Sovereign%20Chains%20%F0%9F%96%A5%20_%20e_acc%20%F0%9F%94%A5%F0%9F%9B%A0%EF%B8%8F.jpg?alt=media,
Fred Wilson,@fredwilson,,Managing Partner at Union Square Ventures,https://firebasestorage.googleapis.com/v0/b/goattap.appspot.com/o/Fred%20Wilson.jpg?alt=media,
Balaji,@balajis,,Former CTO of Coinbase,https://firebasestorage.googleapis.com/v0/b/goattap.appspot.com/o/Balaji.jpg?alt=media,
Spencer Bogart,@CremeDeLaCrypto,,General Partner at Blockchain Capital,https://firebasestorage.googleapis.com/v0/b/goattap.appspot.com/o/Spencer%20Bogart.jpg?alt=media,
Michael Seibel,@mwseibel,,Partner at Y Combinator,https://firebasestorage.googleapis.com/v0/b/goattap.appspot.com/o/Michael%20Seibel.jpg?alt=media,
andrew chen,@andrewchen,,"General partner at Andreessen Horowitz (a16z),",https://firebasestorage.googleapis.com/v0/b/goattap.appspot.com/o/andrew%20chen.jpg?alt=media,
9GAGCEO ‚ù§Ô∏è Memecoin,@9gagceo,,"CEO of 9GAG, Memeland",https://firebasestorage.googleapis.com/v0/b/goattap.appspot.com/o/9GAGCEO%20%E2%9D%A4%EF%B8%8F%20Memecoin.jpg?alt=media,
The Hound,@TheFudHound,,Prez @ Blockchain Dev Shop ,https://firebasestorage.googleapis.com/v0/b/goattap.appspot.com/o/The%20Hound%20%F0%9F%90%BA.jpg?alt=media,
Rick Rieder,@RickRieder,, CIO of BlackRock,https://firebasestorage.googleapis.com/v0/b/goattap.appspot.com/o/Rick%20Rieder.jpg?alt=media,
Wu Blockchain,@WuBlockchain,,Crypto Reporter,https://firebasestorage.googleapis.com/v0/b/goattap.appspot.com/o/Wu%20Blockchain.jpg?alt=media,
Sonnenshein,@Sonnenshein,,CEO of GrayScale,https://firebasestorage.googleapis.com/v0/b/goattap.appspot.com/o/Sonnenshein.jpg?alt=media,
Mance Harmon,@ManceHarmon,,Founder of Hedera (HBAR),https://firebasestorage.googleapis.com/v0/b/goattap.appspot.com/o/Mance%20Harmon.jpg?alt=media,
Peter Yan,@PeterYan,,Founder of Mantle,https://firebasestorage.googleapis.com/v0/b/goattap.appspot.com/o/Peter%20Yan.png?alt=media,
Jules Urbach,@julesurbach,,Founder of Render,https://firebasestorage.googleapis.com/v0/b/goattap.appspot.com/o/Jules%20Urbach.jpg?alt=media,
Muneeb Ali,@muneeb,,Founder of Stacks,https://firebasestorage.googleapis.com/v0/b/goattap.appspot.com/o/muneeb.btc.jpg?alt=media,
Sunny Lu,@sunshinelu24,,CEO & Founder of VeChain,https://firebasestorage.googleapis.com/v0/b/goattap.appspot.com/o/Sunny%20LU%20%40vechain.jpg?alt=media,
Eric Chen,@ericinjective,,Founder of Injective,https://firebasestorage.googleapis.com/v0/b/goattap.appspot.com/o/Eric%20Chen.jpg?alt=media,
Mitch Liu,@mitchliu,,Founder of Theta,https://firebasestorage.googleapis.com/v0/b/goattap.appspot.com/o/Mitch%20Liu%20_%20Theta%20Network.jpg?alt=media,
Julian ,@juliankoh,,Founder of Aevo,https://firebasestorage.googleapis.com/v0/b/goattap.appspot.com/o/Julian%20%F0%9F%A4%B9.jpg?alt=media,
meow Âñµ,@weremeow,,Founder of Jupiter,https://firebasestorage.googleapis.com/v0/b/goattap.appspot.com/o/meow%20%E5%96%B5.jpg?alt=media,
Jeff,@jeffdfeng,,Co-Founder of Sei,https://firebasestorage.googleapis.com/v0/b/goattap.appspot.com/o/Jeff.jpg?alt=media,
Jay,@jayendra_jog,,Co-Founder of Sei,https://firebasestorage.googleapis.com/v0/b/goattap.appspot.com/o/Jay.jpg?alt=media,
Frank,@frankdegods,,Founder of Degod,https://firebasestorage.googleapis.com/v0/b/goattap.appspot.com/o/Frank.jpg?alt=media,
G | Ethena,@leptokurtic_,,Founder of Ethena,https://firebasestorage.googleapis.com/v0/b/goattap.appspot.com/o/G%20_%20Ethena.jpg?alt=media,
Evan Shapiro,@evanashapiro,,Founder of MINA,https://firebasestorage.googleapis.com/v0/b/goattap.appspot.com/o/Evan%20Shapiro.jpg?alt=media,
Ari Meilich,@arimeilich,,Founder of Decentraland,https://firebasestorage.googleapis.com/v0/b/goattap.appspot.com/o/Ari%20Meilich.jpg?alt=media,
Stefan George,@StefanDGeorge,,Founder of Gnosis,https://firebasestorage.googleapis.com/v0/b/goattap.appspot.com/o/Stefan%20George%20%F0%9F%A6%89.jpg?alt=media,
Martin K√∂ppelmann,@koeppelmann,,Co-founder Gnosis,,
Miguel Morel,@RealMiguelMorel,,CEO & Founder of Arkham,https://firebasestorage.googleapis.com/v0/b/goattap.appspot.com/o/Miguel%20Morel.jpg?alt=media,
Johnny_KuCoin,@lyu_johnny,,CEO of KuCoin,https://firebasestorage.googleapis.com/v0/b/goattap.appspot.com/o/Johnny_KuCoin.jpg?alt=media,
Eric Demuth,@eric_demuth,,Co-Founder and CEO of Bitpanda,https://firebasestorage.googleapis.com/v0/b/goattap.appspot.com/o/Eric%20Demuth.jpg?alt=media,
Leon Li,@LeonHuobi,,Founder of Huobi,https://firebasestorage.googleapis.com/v0/b/goattap.appspot.com/o/Leon%20Li.jpg?alt=media,
Ciara Sun,@Crypto_Ciara,,"Former Head of Listing & Blockchain Investments 
of HuobiGlobal",https://firebasestorage.googleapis.com/v0/b/goattap.appspot.com/o/Ciara%20Sun.jpg?alt=media,
Paolo Ardoino,@paoloardoino,,CEO of Tether and CTO of Bitfinex,https://firebasestorage.googleapis.com/v0/b/goattap.appspot.com/o/Paolo%20Ardoino%20%F0%9F%A4%96%F0%9F%8D%90.jpg?alt=media,
Michael Moro,@michaelmoro,,CEO of Genesis Trading,https://firebasestorage.googleapis.com/v0/b/goattap.appspot.com/o/Michael%20Moro.jpg?alt=media,
David Schwartz,@joelkatz,,CTO of Ripple,https://firebasestorage.googleapis.com/v0/b/goattap.appspot.com/o/David%20_JoelKatz_%20Schwartz.jpg?alt=media,
Yves La Rose,@BigBeardSamurai,,CEO of EOS,https://firebasestorage.googleapis.com/v0/b/goattap.appspot.com/o/Yves%20La%20Rose.jpg?alt=media,
Crypto Eri ,@sentosumosaba,,"Crypto Analyst, Youtuber (Japan)",,
Evan Van Ness,@evan_van_ness,,Chief Decentralization Officer  of Ethereum,https://firebasestorage.googleapis.com/v0/b/goattap.appspot.com/o/Evan%20Van%20Ness%20%F0%9F%A7%89.jpg?alt=media,
Nick.eth,@nicksdjohnson,,Lead developer of ENS & Ethereum Foundation,https://firebasestorage.googleapis.com/v0/b/goattap.appspot.com/o/nick.eth.jpg?alt=media,
P√©ter Szil√°gyi (karalabe.eth),@peter_szilagyi,,Team lead at Ethereum,https://firebasestorage.googleapis.com/v0/b/goattap.appspot.com/o/Pe%CC%81ter%20Szila%CC%81gyi%20%28karalabe.eth%29.jpg?alt=media,
Garga.eth (Greg Solano),@CryptoGarga,,Co Founder of Yuga Labs,https://firebasestorage.googleapis.com/v0/b/goattap.appspot.com/o/Garga.eth%20%28Greg%20Solano%29%20%F0%9F%8D%8C.jpg?alt=media,
GordonGoner.eth (Wylie Aronow) ,@GordonGoner,,Co Founder of Yuga Labs,https://firebasestorage.googleapis.com/v0/b/goattap.appspot.com/o/GordonGoner.eth%20%28Wylie%20Aronow%29%20%F0%9F%8D%8C.jpg?alt=media,
ZAGABOND,@ZAGABOND,,Founder of Azuki & 0xProject,https://firebasestorage.googleapis.com/v0/b/goattap.appspot.com/o/ZAGABOND.ETH.jpg?alt=media,
steamboy,@steamboy33,,"Co-creator of Azuki, Former Character Art Director of OverWatch ",https://firebasestorage.googleapis.com/v0/b/goattap.appspot.com/o/steamboy.jpg?alt=media,
Matt Hall,@MattHall2000,,Co-Founder of CryptoPunks,https://firebasestorage.googleapis.com/v0/b/goattap.appspot.com/o/Matt%20Hall.png?alt=media,
Kevin Rose,@kevinrose,,Partner of True Ventures,https://firebasestorage.googleapis.com/v0/b/goattap.appspot.com/o/Kevin%20Rose.jpg?alt=media,
Justin Mezzell,@JustinMezzell,,Creative Director of Yuga Labs,https://firebasestorage.googleapis.com/v0/b/goattap.appspot.com/o/Justin%20Mezzell%20%28%F0%9F%A5%83%2C%F0%9F%A6%89%29.jpg?alt=media,
Burnt Toast,@burnttoast,,Co-Founder and Artist of Doodles,https://firebasestorage.googleapis.com/v0/b/goattap.appspot.com/o/burnt%20toast.jpg?alt=media,
Jordan Castro,@poopie,,Co-Founder of Doodles,https://firebasestorage.googleapis.com/v0/b/goattap.appspot.com/o/9GAGCEO%20%E2%9D%A4%EF%B8%8F%20Memecoin.jpg?alt=media,
Evan Keast,@evankeast,,Co-Founder of Doodles,https://firebasestorage.googleapis.com/v0/b/goattap.appspot.com/o/evan%20%F0%9F%8C%B7.jpg?alt=media,
Brenden Mulligan,@mulligan,,Founder of Premint,https://firebasestorage.googleapis.com/v0/b/goattap.appspot.com/o/Brenden%20Mulligan.jpg?alt=media,
DonAlt,@CryptoDonAlt,,"Crypto Trading Analyst, Youtuber",https://firebasestorage.googleapis.com/v0/b/goattap.appspot.com/o/DonAlt.png?alt=media,
Hsaka,@HsakaTrades,,Crypto Trading Analyst,https://firebasestorage.googleapis.com/v0/b/goattap.appspot.com/o/Hsaka.jpg?alt=media,
KALEO,@CryptoKaleo,,Co-founder LegArt,https://firebasestorage.googleapis.com/v0/b/goattap.appspot.com/o/K%20A%20L%20E%20O.jpg?alt=media,
RookieXBT,@RookieXBT,,Crypto Trading Analyst,https://firebasestorage.googleapis.com/v0/b/goattap.appspot.com/o/RookieXBT%20%F0%9F%A7%B2.jpg?alt=media,
Kevin O'Leary aka Mr. Wonderful,@kevinolearytv,,Chairman of O‚ÄôLeary Ventures and Beanstox,https://firebasestorage.googleapis.com/v0/b/goattap.appspot.com/o/Kevin%20O_Leary%20aka%20Mr.%20Wonderful.jpg?alt=media,
Coin Bureau,@coinbureau,,"Crypto Influencer, Youtuber",https://firebasestorage.googleapis.com/v0/b/goattap.appspot.com/o/Coin%20Bureau.jpg?alt=media,
Gary Vaynerchuk,@garyvee,,"CEO of Vaynermedia, Creator of veefriends",https://firebasestorage.googleapis.com/v0/b/goattap.appspot.com/o/Gary%20Vaynerchuk.jpg?alt=media,
beeple,@beeple,,NFT Artist,https://firebasestorage.googleapis.com/v0/b/goattap.appspot.com/o/beeple.jpg?alt=media,
Alex Becker,@ZssBecker,,"Founder of Hyros, Neo Tokyo",https://firebasestorage.googleapis.com/v0/b/goattap.appspot.com/o/Alex%20Becker%20%F0%9F%8D%8A%F0%9F%8F%86%F0%9F%A5%87.jpg?alt=media,
Paul Graham,@paulg,,Co-Founder of Y Combinator,https://firebasestorage.googleapis.com/v0/b/goattap.appspot.com/o/Paul%20Graham.jpg?alt=media,
"Coach, JV",@Coachjv_,,CEO of 3T Warrior Academy,https://firebasestorage.googleapis.com/v0/b/goattap.appspot.com/o/Coach%2C%20JV.jpg?alt=media,
Brian jung,@thebrianjung,,Crypto Youtuber,https://firebasestorage.googleapis.com/v0/b/goattap.appspot.com/o/Brian%20jung.jpg?alt=media,
Layah Heilpern,@LayahHeilpern,,"Journalist, Crypto Youtuber",https://firebasestorage.googleapis.com/v0/b/goattap.appspot.com/o/Layah%20Heilpern.jpg?alt=media,
Double Top,@doubletop_io,,CIS crypto KOL,https://firebasestorage.googleapis.com/v0/b/goattap.appspot.com/o/DOUBLETOP.jpg?alt=media,
Crypto Casey,@cryptocasey,,Crypto Youtuber,https://firebasestorage.googleapis.com/v0/b/goattap.appspot.com/o/Crypto%20Casey.jpg?alt=media,
Girl Gone Crypto,@girlgone_crypto,,Host of Crypto Minute,https://firebasestorage.googleapis.com/v0/b/goattap.appspot.com/o/Girl%20Gone%20Crypto.jpg?alt=media,
The Moon,@TheMoonCarl,,Founder of CryptoJobs,https://firebasestorage.googleapis.com/v0/b/goattap.appspot.com/o/The%20Moon.jpg?alt=media,
Altcoin Daily,@AltcoinDailyio,,Crypto Youtuber,https://firebasestorage.googleapis.com/v0/b/goattap.appspot.com/o/Altcoin%20Daily.png?alt=media,
David Gokhshtein,@davidgokhshtein,,Founder of Gokhshtein,https://firebasestorage.googleapis.com/v0/b/goattap.appspot.com/o/David%20Gokhshtein.jpg?alt=media,
Crypto Jack,@cryptojack,,"Crypto youtuber, Founder of Maker Spot",https://firebasestorage.googleapis.com/v0/b/goattap.appspot.com/o/CryptoJack.jpg?alt=media,
Daan Crypto Trades,@DaanCrypto,,Crypto youtuber,https://firebasestorage.googleapis.com/v0/b/goattap.appspot.com/o/Daan%20Crypto%20Trades.jpg?alt=media,
Wendy O,@CryptoWendyO,,Crypto youtuber,https://firebasestorage.googleapis.com/v0/b/goattap.appspot.com/o/Wendy%20O.jpg?alt=media,
Pranksy,@pranksy,,Founder of NFTBoxes,https://firebasestorage.googleapis.com/v0/b/goattap.appspot.com/o/Pranksy%20%F0%9F%93%A6.jpg?alt=media,
il Capo Of Crypto,@CryptoCapo_,,Crypto analyst,https://firebasestorage.googleapis.com/v0/b/goattap.appspot.com/o/il%20Capo%20Of%20Crypto.jpg?alt=media,
Travladd Crypto,@OfficialTravlad,,Co-founder of Kingfinance,https://firebasestorage.googleapis.com/v0/b/goattap.appspot.com/o/Travladd%20Crypto.jpg?alt=media,
Ash Crypto,@Ashcryptoreal,,"Crypto trader sharing market insights, personal trading stories, and financial wisdom.",https://firebasestorage.googleapis.com/v0/b/goattap.appspot.com/o/Ash%20Crypto.jpg?alt=media,
Bitcoin Archive,@BTC_Archive,,Crypto Influencers,https://firebasestorage.googleapis.com/v0/b/goattap.appspot.com/o/Bitcoin%20Archive.jpg?alt=media,
WIZZü•∑ ( beware scammers ),@CryptoWizardd,,Crypto Influencers,https://firebasestorage.googleapis.com/v0/b/goattap.appspot.com/o/WIZZ%F0%9F%A5%B7%20%28%20beware%20scammers%20%29.jpg?alt=media,
Crypto Zombie,@TheCryptoZombie,,Crypto Influencers,https://firebasestorage.googleapis.com/v0/b/goattap.appspot.com/o/Crypto%20Zombie.jpg?alt=media,
CryptosRus,@CryptosR_Us,,"Crypto Influencers , Founder of Influencer Fight Club",https://firebasestorage.googleapis.com/v0/b/goattap.appspot.com/o/CryptosRus.jpg?alt=media,
Manu Terrones Godoy,@KmanuS88,,Crypto Influencers,https://firebasestorage.googleapis.com/v0/b/goattap.appspot.com/o/Manu%20Terrones%20Godoy.jpg?alt=media,
"Jeremy Hogan
",@attorneyjeremy1,,Partner at Hogan & Hogan,https://firebasestorage.googleapis.com/v0/b/goattap.appspot.com/o/Jeremy%20Hogan.jpg?alt=media,
John Vallis,@johnkvallis,,Crypto Influencers,https://firebasestorage.googleapis.com/v0/b/goattap.appspot.com/o/John%20Vallis.jpg?alt=media,
Davinci Jeremie,@Davincij15,,Crypto Influencers,https://firebasestorage.googleapis.com/v0/b/goattap.appspot.com/o/Davinci%20Jeremie.jpg?alt=media,
kmoney,@kmoney_69,,Crypto Influencers on Tiktok,https://firebasestorage.googleapis.com/v0/b/goattap.appspot.com/o/kmoney.jpg?alt=media,
Farokh (ÁôºÂíØ),@farokh,,Co-Founder and President of DASTAN,https://firebasestorage.googleapis.com/v0/b/goattap.appspot.com/o/Farokh%20%28%E7%99%BC%E5%92%AF%29.jpg?alt=media,
SHELDON EVANS,@SheldonEvans,,Crypto Influencers,https://firebasestorage.googleapis.com/v0/b/goattap.appspot.com/o/SHELDON%20EVANS.jpg?alt=media,
Satoshi Stacker,@StackerSatoshi,,Crypto Influencers,https://firebasestorage.googleapis.com/v0/b/goattap.appspot.com/o/Satoshi%20Stacker.jpg?alt=media,
That Martini Guy,@MartiniGuyYT,,"Crypto Influencers, Founder @MahikiRacing
",https://firebasestorage.googleapis.com/v0/b/goattap.appspot.com/o/That%20Martini%20Guy.jpg?alt=media,
Mario Nawfal,@MarioNawfal,,"Crypto Influencers, Host of the Largest Show",https://firebasestorage.googleapis.com/v0/b/goattap.appspot.com/o/Mario%20Nawfal.jpg?alt=media,
Sjuul | AltCryptoGems,@AltCryptoGems,,"Founder of @AltCryptoTalk, Co-Founder of @KollectAgency",https://firebasestorage.googleapis.com/v0/b/goattap.appspot.com/o/Sjuul%20_%20AltCryptoGems.jpg?alt=media,
Coach K Crypto,@Coachkcrypto,,Founder of the Coach K Experience.,https://firebasestorage.googleapis.com/v0/b/goattap.appspot.com/o/Coach%20K%20Crypto.jpg?alt=media,
ÂçÄÂ°äÂÖàÁîü üê° ‚ö†Ô∏è (rock #58),@mrblocktw,,Crypto Influencers on Youtube,https://firebasestorage.googleapis.com/v0/b/goattap.appspot.com/o/%E5%8D%80%E5%A1%8A%E5%85%88%E7%94%9F%20%F0%9F%90%A1%20%E2%9A%A0%EF%B8%8F%20%28rock%20%2358%29.jpg?alt=media,
DeFi Dad ‚ü† defidad.eth,@DeFi_Dad,,Crypto Influencers on Youtube,https://firebasestorage.googleapis.com/v0/b/goattap.appspot.com/o/DeFi%20Dad%20%E2%9F%A0%20defidad.eth.jpg?alt=media,
Kaduna,@CryptoKaduna,,Crypto Influencers,https://firebasestorage.googleapis.com/v0/b/goattap.appspot.com/o/Kaduna.jpg?alt=media,
LOVRINüïä,@Lovrincrypto,,Crypto Influencers,https://firebasestorage.googleapis.com/v0/b/goattap.appspot.com/o/%F0%9F%95%8ALOVRIN%F0%9F%95%8A.jpg?alt=media,
CryptoMocroüá≤üá¶,@CryptoMocro_,,Crypto Influencers,https://firebasestorage.googleapis.com/v0/b/goattap.appspot.com/o/CryptoMocro%F0%9F%87%B2%F0%9F%87%A6.jpg?alt=media,
Zaki ‚öõÔ∏èüç∑,@zmanian,,Crypto Influencers,https://firebasestorage.googleapis.com/v0/b/goattap.appspot.com/o/Zaki%20%E2%9A%9B%EF%B8%8F%F0%9F%8D%B7.jpg?alt=media,
Nick Tomaino,@NTmoney,,Founder of 1confirmation,https://firebasestorage.googleapis.com/v0/b/goattap.appspot.com/o/Nick%20Tomaino.jpg?alt=media,
Pete Kim,@petejkim,,Creator @CoinbaseWallet@CipherBrowser,https://firebasestorage.googleapis.com/v0/b/goattap.appspot.com/o/Pete%20Kim.jpg?alt=media,
Gokul Rajaram,@gokulr,,Crypto Influencers,https://firebasestorage.googleapis.com/v0/b/goattap.appspot.com/o/Gokul%20Rajaram.jpg?alt=media,
Jonny üëæ,@0xHustlepedia,,"Founder @TTOONFT@NexusLabsGGüìä Host 
@Crypto_Banter
 ",https://firebasestorage.googleapis.com/v0/b/goattap.appspot.com/o/Jonny%20%F0%9F%91%BE.jpg?alt=media,
openthefridge,@fridgeintheopen,,Crypto Influencers,https://firebasestorage.googleapis.com/v0/b/goattap.appspot.com/o/openthefridge.jpg?alt=media,
RPH,@readyplayerh,,Crypto Influencers,https://firebasestorage.googleapis.com/v0/b/goattap.appspot.com/o/RPH.jpg?alt=media,
dingaling,@dingalingts,,Crypto Influencers,https://firebasestorage.googleapis.com/v0/b/goattap.appspot.com/o/dingaling.jpg?alt=media,
RYAN SŒûAN ADAMS - rsa.eth,@RyanSAdams,,Founder of Bankless and as a General Partner at Bankless Ventures,https://firebasestorage.googleapis.com/v0/b/goattap.appspot.com/o/RYAN%20S%CE%9EAN%20ADAMS%20-%20rsa.eth%20%F0%9F%A6%84.jpg?alt=media,
Suji Yan - Mask is BUIDLing,@suji_yan,,"Founder of @realmasknetwork
 ",https://firebasestorage.googleapis.com/v0/b/goattap.appspot.com/o/Suji%20Yan%20-%20Mask%20is%20BUIDLing.jpg?alt=media,
cevo,@cryptocevo,,Crypto Influencer,https://firebasestorage.googleapis.com/v0/b/goattap.appspot.com/o/cevo.jpg?alt=media,
"Dovey ""Rug the fiat"" Wan",@DoveyWan,,Founder of Primitive Ventures,https://firebasestorage.googleapis.com/v0/b/goattap.appspot.com/o/Dovey%20_Rug%20the%20fiat_%20Wan%20%28hiring%29.jpg?alt=media,
Ben Zhou,@benbybit,,Co-founder & CEO of Bybit,https://firebasestorage.googleapis.com/v0/b/goattap.appspot.com/o/Ben%20Zhou.jpg?alt=media,
Dr.Han,@han_gate ,,Founder of Gate.io,https://firebasestorage.googleapis.com/v0/b/goattap.appspot.com/o/Dr.%20Han.jpg?alt=media,
Star,@star_okx ,,CEO of OKX,https://firebasestorage.googleapis.com/v0/b/goattap.appspot.com/o/Star.jpg?alt=media,
Engin Kaan Arslan,@0xFunder,,CEO of fund thing,https://firebasestorage.googleapis.com/v0/b/goattap.appspot.com/o/Engin%20Kaan%20Arslan.jpg?alt=media,
Aubrey Strobel,@aubreystrobel,,"creator, author and advisor",https://firebasestorage.googleapis.com/v0/b/goattap.appspot.com/o/Aubrey%20Strobel.jpg?alt=media,
Simon Kim,@simonkim_nft,,CEO & Managing Partner of Hashed,https://firebasestorage.googleapis.com/v0/b/goattap.appspot.com/o/Simon%20Kim.jpg?alt=media,
Ben | Over üåê,@overnance,,Founder of Over Protocol,https://firebasestorage.googleapis.com/v0/b/goattap.appspot.com/o/Ben%20_%20Over%20%F0%9F%8C%90.jpg?alt=media,
Andrew Kim,@minseokk1m,,ex-president of decipher,https://firebasestorage.googleapis.com/v0/b/goattap.appspot.com/o/Andrew%20Kim.jpg?alt=media,
david.over,@over_gazua,,Marketing Lead of Super Block,https://firebasestorage.googleapis.com/v0/b/goattap.appspot.com/o/david.over.jpg?alt=media,
Jake Chervinsky,@jchervinsky,,CLO of Variant,https://firebasestorage.googleapis.com/v0/b/goattap.appspot.com/o/Jake%20Chervinsky.jpg?alt=media,
Thuan Capital,@ThuanCapital,,Crypto Youtuber,https://firebasestorage.googleapis.com/v0/b/goattap.appspot.com/o/ThuanCapital.eth.jpg?alt=media,
L√™ Nin,@LeninUGReal,,Founder of TradeCoinUnderGround,https://firebasestorage.googleapis.com/v0/b/goattap.appspot.com/o/Le%CC%82%20Nin.jpg?alt=media,
Th·∫ø Kh∆∞∆°ng üê∏,@thekhuongeth,,Crypto Influencers,https://firebasestorage.googleapis.com/v0/b/goattap.appspot.com/o/The%CC%82%CC%81%20Khu%CC%9Bo%CC%9Bng%20%F0%9F%90%B8.jpg?alt=media,
TNC.hc üáªüá≥,@TNC404,,Co-founder & CEO of HC Capital,https://firebasestorage.googleapis.com/v0/b/goattap.appspot.com/o/TNC.hc%20%F0%9F%87%BB%F0%9F%87%B3.jpg?alt=media,
H√™n V√£i,@henvaibta,,Founder of BlogTienAo,https://firebasestorage.googleapis.com/v0/b/goattap.appspot.com/o/He%CC%82n%20Va%CC%83i.jpg?alt=media,
Jenny Nguyen,@jennynguyen68_,,"COO of Kyros Ventures, Coin68",https://firebasestorage.googleapis.com/v0/b/goattap.appspot.com/o/Jenny%20Nguyen%20_%20GM%20Vietnam%207-8%20June%20(.jpg?alt=media,
Hoang Minh Thien,@ThienTCVN,,"Founder of TradeCoinVN, K300 Ventures",https://firebasestorage.googleapis.com/v0/b/goattap.appspot.com/o/Hoang%20Minh%20Thien.jpg?alt=media,
Ryan Nguyen,@RauMuongLuocHC,,Founder HC Capital,https://firebasestorage.googleapis.com/v0/b/goattap.appspot.com/o/Quan%20Nguyen.jpg?alt=media,
"Alex G. (‚àé, ‚àÜ)",@gluk64,,Founder of ZkSync,https://firebasestorage.googleapis.com/v0/b/goattap.appspot.com/o/Alex%20G.%20%28%E2%88%8E%2C%20%E2%88%86%29.jpg?alt=media,
Irene Zhao,@Irenezhao_,,Founder of Irene DAO,https://firebasestorage.googleapis.com/v0/b/goattap.appspot.com/o/Irene%20Zhao.jpg?alt=media,
Sunny Aggarwal ,@sunnya97,,Co-founder of Osmosis,https://firebasestorage.googleapis.com/v0/b/goattap.appspot.com/o/Sunny%20Aggarwal%20%F0%9F%A7%AA%20%E2%82%BF.jpg?alt=media,
Kay Capital,@keyahayek,,Angel Investor of Monad,https://firebasestorage.googleapis.com/v0/b/goattap.appspot.com/o/Kay%20Capital.jpg?alt=media,
Cryptocito | Cosmos,@Cryptocito,,Co-Founder Cosmos,https://firebasestorage.googleapis.com/v0/b/goattap.appspot.com/o/Cryptocito%20_%20Cosmos%20%E2%9A%9B%EF%B8%8F.jpg?alt=media,
azzyook.eth,@jazzyook,,Head of Marketing of HashFlow,https://firebasestorage.googleapis.com/v0/b/goattap.appspot.com/o/jazzyook.eth.jpg?alt=media,
Varun (üñ§ü§ç),@GandalfTheBr0wn,,Co-founder of HashFlow,https://firebasestorage.googleapis.com/v0/b/goattap.appspot.com/o/Varun%20%28%F0%9F%96%A4%F0%9F%A4%8D%29.jpg?alt=media,
victor üá∑üá¥ üá∫üá∏,@gxmxni,,Co-founder of HashFlow,https://firebasestorage.googleapis.com/v0/b/goattap.appspot.com/o/victor%20%F0%9F%87%B7%F0%9F%87%B4%20%F0%9F%87%BA%F0%9F%87%B8.jpg?alt=media,
Sam Thapaliya,https://x.com/sam_thapaliya,,Founder of Zebec Protocol,https://firebasestorage.googleapis.com/v0/b/goattap.appspot.com/o/Sam%20Thapaliya.jpg?alt=media,
Alex.BSL,@AlexBSLCo,,Founder BlockSmith Labs,https://firebasestorage.googleapis.com/v0/b/goattap.appspot.com/o/Alex.BSL.jpg?alt=media,
Bryan Pellegrino (Ëá≠‰ºÅÈπÖ),@PrimordialAA,,Co-Founder and CEO of LayerZero Labs.,https://firebasestorage.googleapis.com/v0/b/goattap.appspot.com/o/Bryan%20Pellegrino%20%28%E8%87%AD%E4%BC%81%E9%B9%85%29.jpg?alt=media,
raz,@ryanzarick,,Co-Founder and CTO of LayerZero Labs.,https://firebasestorage.googleapis.com/v0/b/goattap.appspot.com/o/raz.jpg?alt=media,
cb,@caleb_banister,,Co-Founder  of LayerZero Labs.,,
Robby Yung ‚¶ø‚¶ø‚¶ø,@viewfromhk,,CEO of Amonica Brands,https://firebasestorage.googleapis.com/v0/b/goattap.appspot.com/o/Robby%20Yung%20%E2%A6%BF%E2%A6%BF%E2%A6%BF.jpg?alt=media,
Yat Siu,@ysiu,,Chairman of Amonica Brands,https://firebasestorage.googleapis.com/v0/b/goattap.appspot.com/o/Yat%20Siu.jpg?alt=media,
JAMES @ ANIMOCA VENTURES,@JIQQYJONES,,Head of Amonica Ventures,https://firebasestorage.googleapis.com/v0/b/goattap.appspot.com/o/JAMES%20%40%20ANIMOCA%20VENTURES.jpg?alt=media,
Jenny @ Animoca Ventures,@jennyqcheng,,VP of investments of Amonica Ventures,https://firebasestorage.googleapis.com/v0/b/goattap.appspot.com/o/Jenny%20%40%20Animoca%20Ventures.jpg?alt=media,
Amy Wu,@amytongwu,,Consumer & Gaming Partner of MenloVentures,https://firebasestorage.googleapis.com/v0/b/goattap.appspot.com/o/Amy%20Wu.jpg?alt=media,
yq,@yq_acc,,Founder of AltLayer,https://firebasestorage.googleapis.com/v0/b/goattap.appspot.com/o/YQ.jpg?alt=media,
Christopher Louis Tsu,@louis_tsu,,CEO of Venom Foundation,https://firebasestorage.googleapis.com/v0/b/goattap.appspot.com/o/Christopher%20Louis%20Tsu.jpg?alt=media,
Vivien Lin @ BingX,@Vivien_BingX,,CPO of BingX,https://firebasestorage.googleapis.com/v0/b/goattap.appspot.com/o/Vivien%20Lin%20%40%20BingX.jpg?alt=media,
"Zane (üéÆ,üü¢)",@zanengx,,Co-Founder Kyros Ventures,https://firebasestorage.googleapis.com/v0/b/goattap.appspot.com/o/Zane%20%28%F0%9F%8E%AE%2C%F0%9F%9F%A2%29.jpg?alt=media,
Long Nguyen,@EledraNguyen,,CTO of Aura Network,https://firebasestorage.googleapis.com/v0/b/goattap.appspot.com/o/Long%20Nguyen.jpg?alt=media,
Vugar Usi Zade,@usithetalk,,COO of Bitget,https://firebasestorage.googleapis.com/v0/b/goattap.appspot.com/o/Vugar%20Usi%20Zade.jpg?alt=media,
kriss.sui,@djchrisssssss,,Founder of Scallop_io,https://firebasestorage.googleapis.com/v0/b/goattap.appspot.com/o/kriss.sui.jpg?alt=media,
Aniket,@aniket_jindal08,,Co-Founder Biconomy,https://firebasestorage.googleapis.com/v0/b/goattap.appspot.com/o/Aniket.png?alt=media,
TB | Holdstation,@trungbanhh,,Co-Founder Holdstation,https://firebasestorage.googleapis.com/v0/b/goattap.appspot.com/o/TB%20_%20Holdstation.jpg?alt=media,
Leonardo.eth,@leonardong169,,CMO of Holdstation,https://firebasestorage.googleapis.com/v0/b/goattap.appspot.com/o/Leonardo.eth.jpg?alt=media,
victorji.eth ‚ú®,@victorJi15,,Co-Founder Manta Network,https://firebasestorage.googleapis.com/v0/b/goattap.appspot.com/o/victorji.eth%20%E2%9C%A8.jpg?alt=media,
Tom Ngo,@tomngodefi,,CEO of Metis,https://firebasestorage.googleapis.com/v0/b/goattap.appspot.com/o/Tom%20Ngo.jpg?alt=media,
Alvin kan,@alvin_kan,,COO of Bitget Wallet,https://firebasestorage.googleapis.com/v0/b/goattap.appspot.com/o/Alvin%20Kan.jpg?alt=media,
Jonny,@yangjonnyy,,Co-Founder & CEO Creatory,https://firebasestorage.googleapis.com/v0/b/goattap.appspot.com/o/Jonny.jpg?alt=media,
Erick Pinos,@erickpinos,,Ecosystem Lead of NibiruChain,https://firebasestorage.googleapis.com/v0/b/goattap.appspot.com/o/Erick%20Pinos.jpg?alt=media,
Lynn üßä,@LynnWWins,,COO of Cube Exchange,https://firebasestorage.googleapis.com/v0/b/goattap.appspot.com/o/Lynn%20%F0%9F%A7%8A.jpg?alt=media,
Larry Wu,@0xlwu,,Co-Founder & CTO of Cube Exchange,https://firebasestorage.googleapis.com/v0/b/goattap.appspot.com/o/Larry%20Wu.jpg?alt=media,
Yo in,@YoannTurpin1,,Co-founder of Wintermute ,https://firebasestorage.googleapis.com/v0/b/goattap.appspot.com/o/Yo%20in%20%F0%9F%87%B8%F0%9F%87%AC.jpg,
Marina Gurevich,@emgurevich,,COO of Wintermute,https://firebasestorage.googleapis.com/v0/b/goattap.appspot.com/o/Marina%20Gurevich.jpg?alt=media,
icunucmi,@icunucmi,,Co-founder  √≤ARCtheCommunity,https://firebasestorage.googleapis.com/v0/b/goattap.appspot.com/o/icunucmi.jpg?alt=media,
Ran,@ranyi1115,,Co-founder of Olderly Network,https://firebasestorage.googleapis.com/v0/b/goattap.appspot.com/o/Ran.jpg?alt=media,
Hong,@hfangca,,President of OKX,https://firebasestorage.googleapis.com/v0/b/goattap.appspot.com/o/Hong.jpg?alt=media,
Jason Lau,@jasonklau,,CIO of OKX,https://firebasestorage.googleapis.com/v0/b/goattap.appspot.com/o/Jason%20Lau.jpg?alt=media,
Dr. Jeff Ross,@VailshireCap,,Founder/CEO Vailshire Capital Management LLC,https://firebasestorage.googleapis.com/v0/b/goattap.appspot.com/o/Dr.%20Jeff%20Ross.jpg?alt=media,
Nik Bhatia,@timevalueofbtc,,Founder of The BitcoinLayer,https://firebasestorage.googleapis.com/v0/b/goattap.appspot.com/o/Nik%20Bhatia.jpg?alt=media,
Sangmin Seo (Sam),@seo_sangmin,,Representative Director of Klaytn Foundation,https://firebasestorage.googleapis.com/v0/b/goattap.appspot.com/o/Sangmin%20Seo%20%28Sam%29.jpg?alt=media,
ZhuangüåäÂ∫Ñ,@0x_ZHUANG,,CMO of Scallop_io,https://firebasestorage.googleapis.com/v0/b/goattap.appspot.com/o/Zhuang%F0%9F%8C%8A%E5%BA%84.jpg?alt=media,
Keone Hon ‚®Ä,@keoneHD,,Co-founder of Monad,https://firebasestorage.googleapis.com/v0/b/goattap.appspot.com/o/Keone%20Hon%20%E2%A8%80.jpg?alt=media,
david.apt,@david_wolinsky,,Head of Engineering of Aptos,https://firebasestorage.googleapis.com/v0/b/goattap.appspot.com/o/david.apt.jpg?alt=media,
Ken Bassig,@KMagcap,,Head of Defi of Taika,https://firebasestorage.googleapis.com/v0/b/goattap.appspot.com/o/Ken%20Bassig.jpg?alt=media,
Andy,@ETHuncho,,Director of Asia of FraxFinance,https://firebasestorage.googleapis.com/v0/b/goattap.appspot.com/o/Andy.jpg?alt=media,
Luis Ocegueda,@luis_oce,,CTO of Trust Wallet,https://firebasestorage.googleapis.com/v0/b/goattap.appspot.com/o/Luis%20Ocegueda.jpg?alt=media,
Tushar | Persistence ü¶æ,@Tushar307,,Founder Persistence One,https://firebasestorage.googleapis.com/v0/b/goattap.appspot.com/o/Tushar%20_%20Persistence%20%F0%9F%A6%BE.jpg?alt=media,
Mikhil Pandey,@PandeyMikhil,,Co-Founder Persistence One,https://firebasestorage.googleapis.com/v0/b/goattap.appspot.com/o/Mikhil%20Pandey.jpg?alt=media,
Gab Yang,@GabeWithTheHat,,Director of ARCtheCommunity,https://firebasestorage.googleapis.com/v0/b/goattap.appspot.com/o/Gab%20Yang.jpg?alt=media,
Chandler Song,@chandlersyf,,Co-founder of ANKR,https://firebasestorage.googleapis.com/v0/b/goattap.appspot.com/o/Chandler%20Song.jpg?alt=media,
Ronghui Gu,@RonghuiGu,,Co-founder Cetik,https://firebasestorage.googleapis.com/v0/b/goattap.appspot.com/o/Ronghui%20Gu.jpg?alt=media,
Shahaf Bar-Geffen,@shahafbg,,CEO of COTI Foundation,https://firebasestorage.googleapis.com/v0/b/goattap.appspot.com/o/Shahaf%20Bar-Geffen.jpg?alt=media,
Denko Mancheski,@denkomancheski,,CEO of Reef,https://firebasestorage.googleapis.com/v0/b/goattap.appspot.com/o/Denko%20Mancheski.jpg?alt=media,
Pavel Bains,@pavelbains,,Co-founder Bluzelle (BLZ),https://firebasestorage.googleapis.com/v0/b/goattap.appspot.com/o/Pavel%20Bains.jpg?alt=media,
Bj√∂rn Wagner,@bjornwgnr,,"Founder Parity Tech, Polkadot",https://firebasestorage.googleapis.com/v0/b/goattap.appspot.com/o/Bjo%CC%88rn%20Wagner.jpg?alt=media,
Melody He,@melmelmelting,,Co-founder & Partner of The Spartan Group,https://firebasestorage.googleapis.com/v0/b/goattap.appspot.com/o/Melody%20He.jpg?alt=media,
Casper Johansen,@CasperJohansen,,Co-founder of The Spartan Group,https://firebasestorage.googleapis.com/v0/b/goattap.appspot.com/o/Casper%20Johansen.jpg?alt=media,
Franklin Bi,@FranklinBi,,Gerenal Partner of Pantera Capital,https://firebasestorage.googleapis.com/v0/b/goattap.appspot.com/o/Franklin%20Bi.jpg?alt=media,
Eric Turner,@ericturnr,,Chief Revenue Officer at Messari,https://firebasestorage.googleapis.com/v0/b/goattap.appspot.com/o/Eric%20Turner.jpg?alt=media,
Ryan Watkin,@RyanWatkins_,,Co-Founder of Syncracy Capital,https://firebasestorage.googleapis.com/v0/b/goattap.appspot.com/o/Ryan%20Watkins.jpg?alt=media,
TIN | Sipher Odyssey & Ather Labs,@AskTinNguyen,,Founder of Sipher & Ather Labs,https://firebasestorage.googleapis.com/v0/b/goattap.appspot.com/o/TIN%20_%20Sipher%20Odyssey%20%26%20Ather%20Labs.jpg?alt=media,
Chess | GM,@gmchessxyz,,CEO of QuestN,https://firebasestorage.googleapis.com/v0/b/goattap.appspot.com/o/Chess%20_%20GM.jpg?alt=media,
Marouen Zelleg,@marouen19,,Director of Growth of Consensys,https://firebasestorage.googleapis.com/v0/b/goattap.appspot.com/o/Marouen%20Zelleg.jpg?alt=media,
Corey Wilton,@RealCoreyWilton,,CEO & Founder of Mirai Labs,https://firebasestorage.googleapis.com/v0/b/goattap.appspot.com/o/Corey%20Wilton.jpg?alt=media,
Henry_BTSE,@henryxliu,,CEO of BTSE,https://firebasestorage.googleapis.com/v0/b/goattap.appspot.com/o/Henry_BTSE.jpg?alt=media,
pweeh,@0xpweeh,,Co-founder of MoonGate,https://firebasestorage.googleapis.com/v0/b/goattap.appspot.com/o/pweeh.jpg?alt=media,
Zhen,@zenzhenyu,,Founder of Web3Auth,https://firebasestorage.googleapis.com/v0/b/goattap.appspot.com/o/Zhen.png?alt=media,
TracyÂ§ßË°®Âßê,@Cryptotracy27,,"Following, Ex-CEO of Cointelegraph Chinese",https://firebasestorage.googleapis.com/v0/b/goattap.appspot.com/o/Tracy%E5%A4%A7%E8%A1%A8%E5%A7%90.jpg?alt=media,
Ake,@AkeGaviar,,"Director of Developer Experience of Chainstack
",https://firebasestorage.googleapis.com/v0/b/goattap.appspot.com/o/Ake.jpg?alt=media,
BrendinoAG,@BrendinoAG,,Co-Founder Avocado DAO,https://firebasestorage.googleapis.com/v0/b/goattap.appspot.com/o/BrendinoAG.jpg?alt=media,
Kit I Zentry ‚ö°Ô∏è,@KitGazinpoj,,"Co-founder of Zentry, GuildFi",https://firebasestorage.googleapis.com/v0/b/goattap.appspot.com/o/Kit%20I%20Zentry%20%E2%9A%A1%EF%B8%8F.jpg?alt=media,
Calvin | Impossible is always BUIDLing,@calchulus,,Co-founder Impossible Finance,https://firebasestorage.googleapis.com/v0/b/goattap.appspot.com/o/Calvin%20_%20Impossible%20is%20always%20BUIDLing.jpg?alt=media,
Howard,@howardx30,,Co-founder Ancient8,https://firebasestorage.googleapis.com/v0/b/goattap.appspot.com/o/Howard.jpg?alt=media,
Mauvis Ledford,@krunkosaurus,,Former CTO of Coinmarket Cap,https://firebasestorage.googleapis.com/v0/b/goattap.appspot.com/o/Mauvis%20%E2%80%9CRules%20without%20rulers%E2%80%9D%20Ledford.jpg?alt=media,
Tin‚ö°,@Tin_jpeg,,Co-founder of SeekHYPE,https://firebasestorage.googleapis.com/v0/b/goattap.appspot.com/o/Tin%E2%9A%A1.jpg?alt=media,
Quan Nguyen,@Quan6888,,CTO of Fantom,https://firebasestorage.googleapis.com/v0/b/goattap.appspot.com/o/Quan%20Nguyen.jpg?alt=media,
Michael Kong,@michaelfkong,,CEO/CIO of Fantom,https://firebasestorage.googleapis.com/v0/b/goattap.appspot.com/o/Michael%20Kong.jpg?alt=media,
